Pclass,Sex,Age_clean,Family_cnt,Fare_clean_tr,Cabin_ind,Title
3,1,18.0,2,1.8244165640312755,0,3
3,1,29.69911764705882,0,1.5176064932892266,0,3
3,1,40.5,0,1.5061226525730975,0,3
3,0,31.0,2,1.8300233586613717,0,4
2,1,32.0,0,1.6004343344404717,0,3
1,1,28.0,0,2.1607483071694245,0,3
1,0,16.0,1,2.08496728245758,1,15
1,0,50.0,1,3.011080317318405,1,4
3,1,28.0,0,1.5687174265360495,0,3
3,1,25.0,0,1.4861669577303998,0,3
1,0,40.0,2,2.6652899203066687,1,4
3,1,33.0,0,1.5400281152322484,0,3
3,1,29.69911764705882,0,1.7061744981851188,0,3
2,0,31.0,2,1.92232078407926,0,4
3,0,48.0,4,2.028843469405813,0,4
1,0,49.0,0,1.91759912791016,1,10
3,1,21.0,0,1.5128638802220769,0,3
3,0,1.0,2,1.7354428893282614,0,15
3,0,18.0,1,1.7786233949266408,0,4
2,1,16.0,0,1.6004343344404717,0,3
3,1,21.0,0,1.5317909875346511,0,3
3,1,29.69911764705882,0,1.5117473912278288,0,3
3,1,19.0,0,0.0,0,3
3,0,29.69911764705882,0,1.4982676079809925,0,15
3,1,26.0,1,1.5101510578167705,0,3
2,0,25.0,1,1.9186451916253064,0,4
2,1,65.0,0,1.6004343344404717,0,3
1,1,50.0,1,2.236054381834505,1,3
3,1,10.0,5,1.9459014453829317,0,14
1,0,39.0,2,2.4209238028779256,1,15
1,1,65.0,0,1.926694710508685,1,3
1,0,19.0,2,1.9228082570289224,1,15
3,1,29.69911764705882,0,1.5091884661660304,0,3
1,0,29.69911764705882,1,2.7113142476834304,1,4
1,1,36.0,0,1.9228697050094496,1,3
3,1,29.69911764705882,0,1.5117473912278288,0,3
3,0,19.0,1,1.5101510578167705,0,15
3,1,17.0,0,1.5400281152322484,0,3
3,1,29.69911764705882,0,1.5117473912278288,0,3
3,1,9.0,2,1.8300233586613717,0,14
3,1,15.0,2,1.4853132250847014,0,3
3,1,19.0,0,1.5117473912278288,0,3
2,1,24.0,0,1.6004343344404717,0,3
3,1,30.0,0,1.5687174265360495,0,3
3,0,29.69911764705882,0,1.5075773777450672,0,15
3,0,26.0,0,1.5128638802220769,0,15
1,0,18.0,2,2.400143212074232,1,15
1,0,26.0,0,2.3953023442886727,0,15
3,1,16.0,4,2.028843469405813,0,3
3,1,25.0,0,1.4778754110912282,0,3
2,1,29.69911764705882,0,1.7199162507904178,0,3
3,1,29.69911764705882,0,1.5400281152322484,0,3
3,1,29.69911764705882,3,1.8794404489039271,0,3
2,0,38.0,0,1.6702776523348104,0,15
1,0,54.0,1,2.2633790358616253,0,4
1,1,45.0,0,1.926694710508685,1,13
2,0,6.0,1,2.0123466170855586,0,15
1,1,65.0,0,2.0321285410013306,1,3
3,0,30.5,0,1.5061226525730975,0,15
3,1,22.0,0,1.4861669577303998,0,3
1,1,29.69911764705882,0,1.9175370015181707,0,3
3,1,19.0,0,1.5216680930911106,0,3
3,1,50.0,0,1.5176064932892266,0,3
1,0,22.0,2,2.182333100094473,1,15
1,1,26.0,0,1.97435048583482,1,3
1,1,56.0,0,1.9834250380312253,1,3
3,1,29.69911764705882,0,1.5117473912278288,0,3
2,1,34.0,0,1.6702776523348104,0,3
1,1,50.0,2,2.6619126040989785,0,10
3,1,29.69911764705882,0,1.5053133354928334,0,3
3,1,20.0,0,1.4778754110912282,0,3
1,0,35.0,1,2.4595094858493645,1,4
1,0,29.69911764705882,1,2.6619126040989785,0,4
2,1,25.0,0,1.6702776523348104,0,3
2,1,3.0,2,1.9186451916253064,1,14
3,1,36.0,1,1.7311953570230825,0,3
3,1,27.0,0,1.4747175287817191,0,3
3,1,20.0,1,1.5128638802220769,0,3
1,1,42.0,1,2.208622468138815,1,3
2,1,21.0,0,2.3618780376616875,0,3
2,1,29.69911764705882,0,0.0,0,3
3,1,16.0,2,1.7826024579660034,0,3
3,1,26.0,1,1.7060777218137082,0,3
3,1,18.0,0,1.5078985992178089,0,3
3,0,24.0,2,1.756075946309636,1,4
2,1,29.69911764705882,0,1.6918751508287486,0,3
3,1,29.69911764705882,0,1.4861669577303998,0,3
2,0,36.0,1,1.9186451916253064,0,4
1,1,40.0,0,1.9873407546644581,1,3
1,1,28.0,0,1.926694710508685,1,3
3,1,21.0,0,1.5070930932320792,0,3
1,1,29.69911764705882,0,2.9456704801300804,1,3
3,1,22.0,0,1.5176064932892266,0,3
1,0,29.69911764705882,1,2.2039445754429603,1,4
3,1,49.0,0,0.0,0,3
1,1,0.92,3,2.7296765455688243,1,14
3,0,29.69911764705882,0,1.5091884661660304,0,15
2,0,34.0,2,2.0062112997524832,0,4
3,1,29.69911764705882,0,1.7071575395958585,0,3
3,1,35.0,0,1.4810065311433624,0,3
2,1,54.0,0,1.9186451916253064,0,3
3,0,6.0,6,1.9908542366373856,0,15
2,0,27.0,1,1.838416287252544,0,4
3,1,29.0,0,1.5070930932320792,0,3
3,1,29.69911764705882,0,1.4778754110912282,0,3
1,1,29.69911764705882,0,1.9808882133555448,1,3
3,1,29.69911764705882,4,1.9107089348696944,0,14
3,0,63.0,0,1.5715965812024535,0,4
3,0,9.0,2,1.7243683526637668,0,15
3,0,47.0,1,1.7071575395958585,0,4
1,1,65.0,1,2.282701862932579,1,3
2,0,41.0,1,1.8113689640194657,0,4
1,1,47.0,0,2.2039445754429603,1,3
2,1,23.0,0,1.7198202447472404,0,3
3,0,41.0,2,1.8244165640312755,0,4
1,1,54.0,0,2.202777793080706,1,3
2,1,27.0,0,1.6702776523348104,0,6
3,1,30.0,0,1.4861669577303998,0,3
3,1,30.5,0,1.5176064932892266,0,3
1,0,38.0,0,2.4022488679628617,1,15
2,0,22.0,2,1.961009057454548,0,4
3,0,22.0,0,1.5061226525730975,0,15
1,1,28.0,0,2.041952666077473,1,3
3,0,29.69911764705882,1,1.8905293628517983,0,15
3,0,38.0,6,1.9922844494899752,0,4
2,0,40.0,0,1.6702776523348104,0,15
1,1,52.0,0,1.9808882133555448,1,13
1,0,29.69911764705882,1,2.202777793080706,1,4
3,1,22.0,0,1.5117473912278288,0,3
3,0,19.0,0,1.5111112014285388,0,15
3,1,20.5,0,1.4861669577303998,0,3
3,1,20.0,0,1.5176064932892266,0,3
3,0,29.69911764705882,0,1.5061226525730975,0,15
3,0,22.0,0,1.6009431014113165,0,15
1,0,42.0,0,2.9607778604132067,0,15
1,1,37.0,1,2.213191044542816,1,3
1,0,29.69911764705882,1,2.415146629865549,0,4
3,1,38.0,0,1.4778754110912282,0,3
2,0,29.0,0,1.6004343344404717,1,4
3,1,29.69911764705882,0,1.4851405983548165,0,3
2,0,7.0,2,1.92232078407926,0,15
2,0,17.0,0,1.6004343344404717,0,15
3,1,32.0,0,1.5128638802220769,0,3
2,1,57.0,0,1.6532304339717367,0,6
3,1,29.0,0,1.5687174265360495,0,3
1,1,61.0,0,2.0039940159481864,1,3
1,0,52.0,1,2.3917479178865846,1,4
3,0,18.0,0,1.5798433429222205,0,15
1,1,48.0,1,2.2039445754429603,1,3
2,1,37.0,1,1.9186451916253064,0,3
2,1,43.0,2,1.92232078407926,0,3
3,1,45.0,0,1.5176064932892266,0,3
2,0,50.0,1,1.9186451916253064,0,4
3,1,17.0,2,1.4853132250847014,0,3
3,1,20.0,0,1.5595283534018567,0,3
3,0,29.69911764705882,0,1.5061226525730975,0,15
3,0,39.0,5,1.96269667532106,0,4
1,0,63.0,1,2.389860064162019,1,15
3,1,29.0,0,1.5109500677928176,0,3
3,1,1.0,5,2.0880012221280344,0,14
2,0,21.0,0,1.6004343344404717,0,15
1,1,35.0,0,1.926694710508685,0,3
2,1,30.0,0,1.6702776523348104,0,3
3,0,11.0,6,1.9908542366373856,0,15
1,0,31.0,1,2.575293989068137,1,15
1,1,49.0,1,2.4545938122098923,1,3
3,0,31.0,1,1.7826024579660034,0,4
2,1,19.0,2,2.056134256123126,0,3
2,0,24.0,2,1.7071575395958585,0,4
2,1,36.0,3,1.9438045639530088,0,3
1,1,36.0,0,1.9243304376452828,1,3
3,1,22.0,0,1.4853132250847014,0,3
2,1,23.0,0,1.6702776523348104,0,3
3,0,30.0,0,1.656563586916615,0,15
3,1,21.0,0,1.5176064932892266,0,3
1,0,30.0,0,1.9873407546644581,0,15
3,1,44.0,0,1.5176064932892266,0,3
1,0,21.0,4,3.014685687666117,1,15
1,0,38.0,0,2.9607778604132067,1,15
